{
  "Elements": [
    {
      "__type": "KeyboardKey",
      "Id": 0,
      "Boundaries": [
        {
          "X": 9,
          "Y": 31
        },
        {
          "X": 32,
          "Y": 31
        },
        {
          "X": 32,
          "Y": 74
        },
        {
          "X": 9,
          "Y": 74
        }
      ],
      "KeyCodes": [
        9
      ],
      "Text": "Tab",
      "TextPosition": {
        "X": 20,
        "Y": 52
      },
      "ChangeOnCaps": false,
      "ShiftText": "Tab"
    },
    {
      "__type": "KeyboardKey",
      "Id": 1,
      "Boundaries": [
        {
          "X": 265,
          "Y": 78
        },
        {
          "X": 334,
          "Y": 78
        },
        {
          "X": 334,
          "Y": 108
        },
        {
          "X": 265,
          "Y": 108
        }
      ],
      "KeyCodes": [
        32
      ],
      "Text": "Jump",
      "TextPosition": {
        "X": 299,
        "Y": 93
      },
      "ChangeOnCaps": false,
      "ShiftText": "Jump"
    },
    {
      "__type": "KeyboardKey",
      "Id": 2,
      "Boundaries": [
        {
          "X": 45,
          "Y": 75
        },
        {
          "X": 88,
          "Y": 75
        },
        {
          "X": 88,
          "Y": 118
        },
        {
          "X": 45,
          "Y": 118
        }
      ],
      "KeyCodes": [
        65
      ],
      "Text": "a",
      "TextPosition": {
        "X": 66,
        "Y": 96
      },
      "ChangeOnCaps": true,
      "ShiftText": "A"
    },
    {
      "__type": "KeyboardKey",
      "Id": 3,
      "Boundaries": [
        {
          "X": 265,
          "Y": 9
        },
        {
          "X": 287,
          "Y": 9
        },
        {
          "X": 287,
          "Y": 31
        },
        {
          "X": 265,
          "Y": 31
        }
      ],
      "KeyCodes": [
        67
      ],
      "Text": "c",
      "TextPosition": {
        "X": 276,
        "Y": 20
      },
      "ChangeOnCaps": true,
      "ShiftText": "C"
    },
    {
      "__type": "KeyboardKey",
      "Id": 4,
      "Boundaries": [
        {
          "X": 133,
          "Y": 75
        },
        {
          "X": 176,
          "Y": 75
        },
        {
          "X": 176,
          "Y": 118
        },
        {
          "X": 133,
          "Y": 118
        }
      ],
      "KeyCodes": [
        68
      ],
      "Text": "d",
      "TextPosition": {
        "X": 154,
        "Y": 96
      },
      "ChangeOnCaps": true,
      "ShiftText": "D"
    },
    {
      "__type": "KeyboardKey",
      "Id": 5,
      "Boundaries": [
        {
          "X": 121,
          "Y": 31
        },
        {
          "X": 164,
          "Y": 31
        },
        {
          "X": 164,
          "Y": 74
        },
        {
          "X": 121,
          "Y": 74
        }
      ],
      "KeyCodes": [
        69
      ],
      "Text": "e",
      "TextPosition": {
        "X": 142,
        "Y": 52
      },
      "ChangeOnCaps": true,
      "ShiftText": "E"
    },
    {
      "__type": "KeyboardKey",
      "Id": 6,
      "Boundaries": [
        {
          "X": 177,
          "Y": 75
        },
        {
          "X": 220,
          "Y": 75
        },
        {
          "X": 220,
          "Y": 118
        },
        {
          "X": 177,
          "Y": 118
        }
      ],
      "KeyCodes": [
        70
      ],
      "Text": "f",
      "TextPosition": {
        "X": 198,
        "Y": 96
      },
      "ChangeOnCaps": true,
      "ShiftText": "F"
    },
    {
      "__type": "KeyboardKey",
      "Id": 7,
      "Boundaries": [
        {
          "X": 221,
          "Y": 75
        },
        {
          "X": 264,
          "Y": 75
        },
        {
          "X": 264,
          "Y": 118
        },
        {
          "X": 221,
          "Y": 118
        }
      ],
      "KeyCodes": [
        71
      ],
      "Text": "g",
      "TextPosition": {
        "X": 242,
        "Y": 96
      },
      "ChangeOnCaps": true,
      "ShiftText": "G"
    },
    {
      "__type": "KeyboardKey",
      "Id": 8,
      "Boundaries": [
        {
          "X": 33,
          "Y": 31
        },
        {
          "X": 76,
          "Y": 31
        },
        {
          "X": 76,
          "Y": 74
        },
        {
          "X": 33,
          "Y": 74
        }
      ],
      "KeyCodes": [
        81
      ],
      "Text": "q",
      "TextPosition": {
        "X": 54,
        "Y": 52
      },
      "ChangeOnCaps": true,
      "ShiftText": "Q"
    },
    {
      "__type": "KeyboardKey",
      "Id": 9,
      "Boundaries": [
        {
          "X": 165,
          "Y": 31
        },
        {
          "X": 208,
          "Y": 31
        },
        {
          "X": 208,
          "Y": 74
        },
        {
          "X": 165,
          "Y": 74
        }
      ],
      "KeyCodes": [
        82
      ],
      "Text": "r",
      "TextPosition": {
        "X": 186,
        "Y": 52
      },
      "ChangeOnCaps": true,
      "ShiftText": "R"
    },
    {
      "__type": "KeyboardKey",
      "Id": 10,
      "Boundaries": [
        {
          "X": 89,
          "Y": 75
        },
        {
          "X": 132,
          "Y": 75
        },
        {
          "X": 132,
          "Y": 118
        },
        {
          "X": 89,
          "Y": 118
        }
      ],
      "KeyCodes": [
        83
      ],
      "Text": "s",
      "TextPosition": {
        "X": 110,
        "Y": 96
      },
      "ChangeOnCaps": true,
      "ShiftText": "S"
    },
    {
      "__type": "KeyboardKey",
      "Id": 11,
      "Boundaries": [
        {
          "X": 77,
          "Y": 31
        },
        {
          "X": 120,
          "Y": 31
        },
        {
          "X": 120,
          "Y": 74
        },
        {
          "X": 77,
          "Y": 74
        }
      ],
      "KeyCodes": [
        87
      ],
      "Text": "w",
      "TextPosition": {
        "X": 98,
        "Y": 52
      },
      "ChangeOnCaps": true,
      "ShiftText": "W"
    },
    {
      "__type": "KeyboardKey",
      "Id": 12,
      "Boundaries": [
        {
          "X": 265,
          "Y": 32
        },
        {
          "X": 287,
          "Y": 32
        },
        {
          "X": 287,
          "Y": 54
        },
        {
          "X": 265,
          "Y": 54
        }
      ],
      "KeyCodes": [
        88
      ],
      "Text": "x",
      "TextPosition": {
        "X": 276,
        "Y": 43
      },
      "ChangeOnCaps": true,
      "ShiftText": "X"
    },
    {
      "__type": "KeyboardKey",
      "Id": 13,
      "Boundaries": [
        {
          "X": 265,
          "Y": 55
        },
        {
          "X": 287,
          "Y": 55
        },
        {
          "X": 287,
          "Y": 77
        },
        {
          "X": 265,
          "Y": 77
        }
      ],
      "KeyCodes": [
        90
      ],
      "Text": "z",
      "TextPosition": {
        "X": 276,
        "Y": 66
      },
      "ChangeOnCaps": true,
      "ShiftText": "Z"
    },
    {
      "__type": "MouseScroll",
      "Id": 14,
      "Boundaries": [
        {
          "X": 379,
          "Y": 9
        },
        {
          "X": 422,
          "Y": 9
        },
        {
          "X": 422,
          "Y": 52
        },
        {
          "X": 379,
          "Y": 52
        }
      ],
      "KeyCodes": [
        0
      ],
      "Text": "ScU",
      "TextPosition": {
        "X": 400,
        "Y": 30
      }
    },
    {
      "__type": "MouseScroll",
      "Id": 15,
      "Boundaries": [
        {
          "X": 379,
          "Y": 97
        },
        {
          "X": 422,
          "Y": 97
        },
        {
          "X": 422,
          "Y": 140
        },
        {
          "X": 379,
          "Y": 140
        }
      ],
      "KeyCodes": [
        1
      ],
      "Text": "ScD",
      "TextPosition": {
        "X": 400,
        "Y": 118
      }
    },
    {
      "__type": "MouseKey",
      "Id": 16,
      "Boundaries": [
        {
          "X": 379,
          "Y": 53
        },
        {
          "X": 422,
          "Y": 53
        },
        {
          "X": 422,
          "Y": 96
        },
        {
          "X": 379,
          "Y": 96
        }
      ],
      "KeyCodes": [
        2
      ],
      "Text": "MMB",
      "TextPosition": {
        "X": 400,
        "Y": 74
      }
    },
    {
      "__type": "KeyboardKey",
      "Id": 17,
      "Boundaries": [
        {
          "X": 265,
          "Y": 109
        },
        {
          "X": 334,
          "Y": 109
        },
        {
          "X": 334,
          "Y": 140
        },
        {
          "X": 265,
          "Y": 140
        }
      ],
      "KeyCodes": [
        162
      ],
      "Text": "Crouch",
      "TextPosition": {
        "X": 299,
        "Y": 124
      },
      "ChangeOnCaps": false,
      "ShiftText": "Crouch"
    },
    {
      "__type": "MouseKey",
      "Id": 18,
      "Boundaries": [
        {
          "X": 335,
          "Y": 53
        },
        {
          "X": 378,
          "Y": 53
        },
        {
          "X": 378,
          "Y": 96
        },
        {
          "X": 335,
          "Y": 96
        }
      ],
      "KeyCodes": [
        0
      ],
      "Text": "LMB",
      "TextPosition": {
        "X": 356,
        "Y": 74
      }
    },
    {
      "__type": "MouseKey",
      "Id": 19,
      "Boundaries": [
        {
          "X": 423,
          "Y": 53
        },
        {
          "X": 466,
          "Y": 53
        },
        {
          "X": 466,
          "Y": 96
        },
        {
          "X": 423,
          "Y": 96
        }
      ],
      "KeyCodes": [
        1
      ],
      "Text": "RMB",
      "TextPosition": {
        "X": 444,
        "Y": 74
      }
    },
    {
      "__type": "MouseSpeedIndicator",
      "Id": 20,
      "Location": {
        "X": 310,
        "Y": 42
      },
      "Radius": 22
    }
  ],
  "Height": 149,
  "Version": 2,
  "Width": 475,
  "$schema": "https://raw.githubusercontent.com/justDeeevin/NuhxBoard/refs/heads/main/schemas/layout.json"
}