{
  "Elements": [
    {
      "__type": "KeyboardKey",
      "Id": 1,
      "Boundaries": [
        {
          "X": 1,
          "Y": 75
        },
        {
          "X": 2,
          "Y": 71
        },
        {
          "X": 4,
          "Y": 66
        },
        {
          "X": 6,
          "Y": 63
        },
        {
          "X": 10,
          "Y": 59
        },
        {
          "X": 13,
          "Y": 57
        },
        {
          "X": 18,
          "Y": 55
        },
        {
          "X": 22,
          "Y": 54
        },
        {
          "X": 28,
          "Y": 54
        },
        {
          "X": 32,
          "Y": 55
        },
        {
          "X": 37,
          "Y": 57
        },
        {
          "X": 40,
          "Y": 59
        },
        {
          "X": 44,
          "Y": 63
        },
        {
          "X": 46,
          "Y": 66
        },
        {
          "X": 48,
          "Y": 71
        },
        {
          "X": 49,
          "Y": 75
        },
        {
          "X": 49,
          "Y": 81
        },
        {
          "X": 48,
          "Y": 85
        },
        {
          "X": 46,
          "Y": 90
        },
        {
          "X": 44,
          "Y": 93
        },
        {
          "X": 40,
          "Y": 97
        },
        {
          "X": 37,
          "Y": 99
        },
        {
          "X": 32,
          "Y": 101
        },
        {
          "X": 28,
          "Y": 102
        },
        {
          "X": 22,
          "Y": 102
        },
        {
          "X": 18,
          "Y": 101
        },
        {
          "X": 13,
          "Y": 99
        },
        {
          "X": 10,
          "Y": 97
        },
        {
          "X": 6,
          "Y": 93
        },
        {
          "X": 4,
          "Y": 90
        },
        {
          "X": 2,
          "Y": 85
        },
        {
          "X": 1,
          "Y": 81
        }
      ],
      "KeyCodes": [69],
      "Text": "↙",
      "TextPosition": {
        "X": 25,
        "Y": 78
      },
      "ChangeOnCaps": true,
      "ShiftText": "↙"
    },
    {
      "__type": "KeyboardKey",
      "Id": 2,
      "Boundaries": [
        {
          "X": 52,
          "Y": 86
        },
        {
          "X": 53,
          "Y": 82
        },
        {
          "X": 55,
          "Y": 77
        },
        {
          "X": 57,
          "Y": 74
        },
        {
          "X": 61,
          "Y": 70
        },
        {
          "X": 64,
          "Y": 68
        },
        {
          "X": 69,
          "Y": 66
        },
        {
          "X": 73,
          "Y": 65
        },
        {
          "X": 79,
          "Y": 65
        },
        {
          "X": 83,
          "Y": 66
        },
        {
          "X": 88,
          "Y": 68
        },
        {
          "X": 91,
          "Y": 70
        },
        {
          "X": 95,
          "Y": 74
        },
        {
          "X": 97,
          "Y": 77
        },
        {
          "X": 99,
          "Y": 82
        },
        {
          "X": 100,
          "Y": 86
        },
        {
          "X": 100,
          "Y": 92
        },
        {
          "X": 99,
          "Y": 96
        },
        {
          "X": 97,
          "Y": 101
        },
        {
          "X": 95,
          "Y": 104
        },
        {
          "X": 91,
          "Y": 108
        },
        {
          "X": 88,
          "Y": 110
        },
        {
          "X": 83,
          "Y": 112
        },
        {
          "X": 79,
          "Y": 113
        },
        {
          "X": 73,
          "Y": 113
        },
        {
          "X": 69,
          "Y": 112
        },
        {
          "X": 64,
          "Y": 110
        },
        {
          "X": 61,
          "Y": 108
        },
        {
          "X": 57,
          "Y": 104
        },
        {
          "X": 55,
          "Y": 101
        },
        {
          "X": 53,
          "Y": 96
        },
        {
          "X": 52,
          "Y": 92
        }
      ],
      "KeyCodes": [85],
      "Text": "↖",
      "TextPosition": {
        "X": 76,
        "Y": 89
      },
      "ChangeOnCaps": true,
      "ShiftText": "↖"
    },
    {
      "__type": "KeyboardKey",
      "Id": 3,
      "Boundaries": [
        {
          "X": 103,
          "Y": 89
        },
        {
          "X": 104,
          "Y": 85
        },
        {
          "X": 106,
          "Y": 80
        },
        {
          "X": 108,
          "Y": 77
        },
        {
          "X": 112,
          "Y": 73
        },
        {
          "X": 115,
          "Y": 71
        },
        {
          "X": 120,
          "Y": 69
        },
        {
          "X": 124,
          "Y": 68
        },
        {
          "X": 130,
          "Y": 68
        },
        {
          "X": 134,
          "Y": 69
        },
        {
          "X": 139,
          "Y": 71
        },
        {
          "X": 142,
          "Y": 73
        },
        {
          "X": 146,
          "Y": 77
        },
        {
          "X": 148,
          "Y": 80
        },
        {
          "X": 150,
          "Y": 85
        },
        {
          "X": 151,
          "Y": 89
        },
        {
          "X": 151,
          "Y": 95
        },
        {
          "X": 150,
          "Y": 99
        },
        {
          "X": 148,
          "Y": 104
        },
        {
          "X": 146,
          "Y": 107
        },
        {
          "X": 142,
          "Y": 111
        },
        {
          "X": 139,
          "Y": 113
        },
        {
          "X": 134,
          "Y": 115
        },
        {
          "X": 130,
          "Y": 116
        },
        {
          "X": 124,
          "Y": 116
        },
        {
          "X": 120,
          "Y": 115
        },
        {
          "X": 115,
          "Y": 113
        },
        {
          "X": 112,
          "Y": 111
        },
        {
          "X": 108,
          "Y": 107
        },
        {
          "X": 106,
          "Y": 104
        },
        {
          "X": 104,
          "Y": 99
        },
        {
          "X": 103,
          "Y": 95
        }
      ],
      "KeyCodes": [32],
      "Text": "[]",
      "TextPosition": {
        "X": 127,
        "Y": 92
      },
      "ChangeOnCaps": true,
      "ShiftText": "[]"
    },
    {
      "__type": "KeyboardKey",
      "Id": 4,
      "Boundaries": [
        {
          "X": 155,
          "Y": 85
        },
        {
          "X": 156,
          "Y": 81
        },
        {
          "X": 158,
          "Y": 76
        },
        {
          "X": 160,
          "Y": 73
        },
        {
          "X": 164,
          "Y": 69
        },
        {
          "X": 167,
          "Y": 67
        },
        {
          "X": 172,
          "Y": 65
        },
        {
          "X": 176,
          "Y": 64
        },
        {
          "X": 182,
          "Y": 64
        },
        {
          "X": 186,
          "Y": 65
        },
        {
          "X": 191,
          "Y": 67
        },
        {
          "X": 194,
          "Y": 69
        },
        {
          "X": 198,
          "Y": 73
        },
        {
          "X": 200,
          "Y": 76
        },
        {
          "X": 202,
          "Y": 81
        },
        {
          "X": 203,
          "Y": 85
        },
        {
          "X": 203,
          "Y": 91
        },
        {
          "X": 202,
          "Y": 95
        },
        {
          "X": 200,
          "Y": 100
        },
        {
          "X": 198,
          "Y": 103
        },
        {
          "X": 194,
          "Y": 107
        },
        {
          "X": 191,
          "Y": 109
        },
        {
          "X": 186,
          "Y": 111
        },
        {
          "X": 182,
          "Y": 112
        },
        {
          "X": 176,
          "Y": 112
        },
        {
          "X": 172,
          "Y": 111
        },
        {
          "X": 167,
          "Y": 109
        },
        {
          "X": 164,
          "Y": 107
        },
        {
          "X": 160,
          "Y": 103
        },
        {
          "X": 158,
          "Y": 100
        },
        {
          "X": 156,
          "Y": 95
        },
        {
          "X": 155,
          "Y": 91
        }
      ],
      "KeyCodes": [72],
      "Text": "↗",
      "TextPosition": {
        "X": 179,
        "Y": 88
      },
      "ChangeOnCaps": true,
      "ShiftText": "↗"
    },
    {
      "__type": "KeyboardKey",
      "Id": 5,
      "Boundaries": [
        {
          "X": 206,
          "Y": 75
        },
        {
          "X": 207,
          "Y": 71
        },
        {
          "X": 209,
          "Y": 66
        },
        {
          "X": 211,
          "Y": 63
        },
        {
          "X": 215,
          "Y": 59
        },
        {
          "X": 218,
          "Y": 57
        },
        {
          "X": 223,
          "Y": 55
        },
        {
          "X": 227,
          "Y": 54
        },
        {
          "X": 233,
          "Y": 54
        },
        {
          "X": 237,
          "Y": 55
        },
        {
          "X": 242,
          "Y": 57
        },
        {
          "X": 245,
          "Y": 59
        },
        {
          "X": 249,
          "Y": 63
        },
        {
          "X": 251,
          "Y": 66
        },
        {
          "X": 253,
          "Y": 71
        },
        {
          "X": 254,
          "Y": 75
        },
        {
          "X": 254,
          "Y": 81
        },
        {
          "X": 253,
          "Y": 85
        },
        {
          "X": 251,
          "Y": 90
        },
        {
          "X": 249,
          "Y": 93
        },
        {
          "X": 245,
          "Y": 97
        },
        {
          "X": 242,
          "Y": 99
        },
        {
          "X": 237,
          "Y": 101
        },
        {
          "X": 233,
          "Y": 102
        },
        {
          "X": 227,
          "Y": 102
        },
        {
          "X": 223,
          "Y": 101
        },
        {
          "X": 218,
          "Y": 99
        },
        {
          "X": 215,
          "Y": 97
        },
        {
          "X": 211,
          "Y": 93
        },
        {
          "X": 209,
          "Y": 90
        },
        {
          "X": 207,
          "Y": 85
        },
        {
          "X": 206,
          "Y": 81
        }
      ],
      "KeyCodes": [84],
      "Text": "↘",
      "TextPosition": {
        "X": 230,
        "Y": 78
      },
      "ChangeOnCaps": true,
      "ShiftText": "↘"
    },
    {
      "__type": "KeyboardKey",
      "Id": 11,
      "Boundaries": [
        {
          "X": 40,
          "Y": 10
        },
        {
          "X": 96,
          "Y": 10
        },
        {
          "X": 96,
          "Y": 36
        },
        {
          "X": 40,
          "Y": 36
        }
      ],
      "KeyCodes": [27],
      "Text": "back",
      "TextPosition": {
        "X": 68,
        "Y": 23
      },
      "ChangeOnCaps": true,
      "ShiftText": "back"
    },
    {
      "__type": "KeyboardKey",
      "Id": 12,
      "Boundaries": [
        {
          "X": 99,
          "Y": 10
        },
        {
          "X": 155,
          "Y": 10
        },
        {
          "X": 155,
          "Y": 36
        },
        {
          "X": 99,
          "Y": 36
        }
      ],
      "KeyCodes": [90],
      "Text": "opt",
      "TextPosition": {
        "X": 127,
        "Y": 23
      },
      "ChangeOnCaps": true,
      "ShiftText": "opt"
    },
    {
      "__type": "KeyboardKey",
      "Id": 13,
      "Boundaries": [
        {
          "X": 158,
          "Y": 10
        },
        {
          "X": 214,
          "Y": 10
        },
        {
          "X": 214,
          "Y": 36
        },
        {
          "X": 158,
          "Y": 36
        }
      ],
      "KeyCodes": [13],
      "Text": "ok",
      "TextPosition": {
        "X": 186,
        "Y": 23
      },
      "ChangeOnCaps": true,
      "ShiftText": "ok"
    }
  ],
  "Height": 128,
  "Version": 2,
  "Width": 256,
  "$schema": "https://raw.githubusercontent.com/justDeeevin/NuhxBoard/refs/heads/main/schemas/layout.json"
}
