{
  "Elements": [
    {
      "__type": "KeyboardKey",
      "Id": 0,
      "Boundaries": [
        {
          "X": 581,
          "Y": 100
        },
        {
          "X": 671,
          "Y": 100
        },
        {
          "X": 671,
          "Y": 143
        },
        {
          "X": 581,
          "Y": 143
        }
      ],
      "KeyCodes": [8],
      "Text": "Backspc",
      "TextPosition": {
        "X": 626,
        "Y": 121
      },
      "ChangeOnCaps": false,
      "ShiftText": "Backspc"
    },
    {
      "__type": "KeyboardKey",
      "Id": 1,
      "Boundaries": [
        {
          "X": 9,
          "Y": 144
        },
        {
          "X": 76,
          "Y": 144
        },
        {
          "X": 76,
          "Y": 187
        },
        {
          "X": 9,
          "Y": 187
        }
      ],
      "KeyCodes": [9],
      "Text": "Tab",
      "TextPosition": {
        "X": 42,
        "Y": 165
      },
      "ChangeOnCaps": false,
      "ShiftText": "Tab"
    },
    {
      "__type": "KeyboardKey",
      "Id": 2,
      "Boundaries": [
        {
          "X": 778,
          "Y": 9
        },
        {
          "X": 821,
          "Y": 9
        },
        {
          "X": 821,
          "Y": 52
        },
        {
          "X": 778,
          "Y": 52
        }
      ],
      "KeyCodes": [19],
      "Text": "Paus",
      "TextPosition": {
        "X": 799,
        "Y": 30
      },
      "ChangeOnCaps": false,
      "ShiftText": "Paus"
    },
    {
      "__type": "KeyboardKey",
      "Id": 3,
      "Boundaries": [
        {
          "X": 9,
          "Y": 9
        },
        {
          "X": 52,
          "Y": 9
        },
        {
          "X": 52,
          "Y": 52
        },
        {
          "X": 9,
          "Y": 52
        }
      ],
      "KeyCodes": [27],
      "Text": "Esc",
      "TextPosition": {
        "X": 30,
        "Y": 30
      },
      "ChangeOnCaps": false,
      "ShiftText": "Esc"
    },
    {
      "__type": "KeyboardKey",
      "Id": 4,
      "Boundaries": [
        {
          "X": 9,
          "Y": 188
        },
        {
          "X": 88,
          "Y": 188
        },
        {
          "X": 88,
          "Y": 231
        },
        {
          "X": 9,
          "Y": 231
        }
      ],
      "KeyCodes": [20],
      "Text": "Caps",
      "TextPosition": {
        "X": 48,
        "Y": 209
      },
      "ChangeOnCaps": false,
      "ShiftText": "Caps"
    },
    {
      "__type": "KeyboardKey",
      "Id": 5,
      "Boundaries": [
        {
          "X": 187,
          "Y": 276
        },
        {
          "X": 449,
          "Y": 276
        },
        {
          "X": 449,
          "Y": 319
        },
        {
          "X": 187,
          "Y": 319
        }
      ],
      "KeyCodes": [32],
      "Text": "",
      "TextPosition": {
        "X": 318,
        "Y": 297
      },
      "ChangeOnCaps": false,
      "ShiftText": ""
    },
    {
      "__type": "KeyboardKey",
      "Id": 6,
      "Boundaries": [
        {
          "X": 778,
          "Y": 100
        },
        {
          "X": 821,
          "Y": 100
        },
        {
          "X": 821,
          "Y": 143
        },
        {
          "X": 778,
          "Y": 143
        }
      ],
      "KeyCodes": [33],
      "Text": "Bild↑",
      "TextPosition": {
        "X": 799,
        "Y": 121
      },
      "ChangeOnCaps": false,
      "ShiftText": "Bild↑"
    },
    {
      "__type": "KeyboardKey",
      "Id": 7,
      "Boundaries": [
        {
          "X": 778,
          "Y": 144
        },
        {
          "X": 821,
          "Y": 144
        },
        {
          "X": 821,
          "Y": 187
        },
        {
          "X": 778,
          "Y": 187
        }
      ],
      "KeyCodes": [34],
      "Text": "Bild↓",
      "TextPosition": {
        "X": 799,
        "Y": 165
      },
      "ChangeOnCaps": false,
      "ShiftText": "Bild↓"
    },
    {
      "__type": "KeyboardKey",
      "Id": 8,
      "Boundaries": [
        {
          "X": 734,
          "Y": 144
        },
        {
          "X": 777,
          "Y": 144
        },
        {
          "X": 777,
          "Y": 187
        },
        {
          "X": 734,
          "Y": 187
        }
      ],
      "KeyCodes": [35],
      "Text": "Ende",
      "TextPosition": {
        "X": 755,
        "Y": 165
      },
      "ChangeOnCaps": false,
      "ShiftText": "Ende"
    },
    {
      "__type": "KeyboardKey",
      "Id": 9,
      "Boundaries": [
        {
          "X": 734,
          "Y": 100
        },
        {
          "X": 777,
          "Y": 100
        },
        {
          "X": 777,
          "Y": 143
        },
        {
          "X": 734,
          "Y": 143
        }
      ],
      "KeyCodes": [36],
      "Text": "Pos1",
      "TextPosition": {
        "X": 755,
        "Y": 121
      },
      "ChangeOnCaps": false,
      "ShiftText": "Pos1"
    },
    {
      "__type": "KeyboardKey",
      "Id": 10,
      "Boundaries": [
        {
          "X": 690,
          "Y": 276
        },
        {
          "X": 733,
          "Y": 276
        },
        {
          "X": 733,
          "Y": 319
        },
        {
          "X": 690,
          "Y": 319
        }
      ],
      "KeyCodes": [37],
      "Text": "←",
      "TextPosition": {
        "X": 711,
        "Y": 297
      },
      "ChangeOnCaps": false,
      "ShiftText": "←"
    },
    {
      "__type": "KeyboardKey",
      "Id": 11,
      "Boundaries": [
        {
          "X": 734,
          "Y": 232
        },
        {
          "X": 777,
          "Y": 232
        },
        {
          "X": 777,
          "Y": 275
        },
        {
          "X": 734,
          "Y": 275
        }
      ],
      "KeyCodes": [38],
      "Text": "↑",
      "TextPosition": {
        "X": 755,
        "Y": 253
      },
      "ChangeOnCaps": false,
      "ShiftText": "↑"
    },
    {
      "__type": "KeyboardKey",
      "Id": 12,
      "Boundaries": [
        {
          "X": 778,
          "Y": 276
        },
        {
          "X": 821,
          "Y": 276
        },
        {
          "X": 821,
          "Y": 319
        },
        {
          "X": 778,
          "Y": 319
        }
      ],
      "KeyCodes": [39],
      "Text": "→",
      "TextPosition": {
        "X": 799,
        "Y": 297
      },
      "ChangeOnCaps": false,
      "ShiftText": "→"
    },
    {
      "__type": "KeyboardKey",
      "Id": 13,
      "Boundaries": [
        {
          "X": 734,
          "Y": 276
        },
        {
          "X": 777,
          "Y": 276
        },
        {
          "X": 777,
          "Y": 319
        },
        {
          "X": 734,
          "Y": 319
        }
      ],
      "KeyCodes": [40],
      "Text": "↓",
      "TextPosition": {
        "X": 755,
        "Y": 297
      },
      "ChangeOnCaps": false,
      "ShiftText": "↓"
    },
    {
      "__type": "KeyboardKey",
      "Id": 14,
      "Boundaries": [
        {
          "X": 690,
          "Y": 9
        },
        {
          "X": 733,
          "Y": 9
        },
        {
          "X": 733,
          "Y": 52
        },
        {
          "X": 690,
          "Y": 52
        }
      ],
      "KeyCodes": [44],
      "Text": "Drck",
      "TextPosition": {
        "X": 711,
        "Y": 30
      },
      "ChangeOnCaps": false,
      "ShiftText": "Drck"
    },
    {
      "__type": "KeyboardKey",
      "Id": 15,
      "Boundaries": [
        {
          "X": 690,
          "Y": 100
        },
        {
          "X": 733,
          "Y": 100
        },
        {
          "X": 733,
          "Y": 143
        },
        {
          "X": 690,
          "Y": 143
        }
      ],
      "KeyCodes": [45],
      "Text": "Einfg",
      "TextPosition": {
        "X": 711,
        "Y": 121
      },
      "ChangeOnCaps": false,
      "ShiftText": "Einfg"
    },
    {
      "__type": "KeyboardKey",
      "Id": 16,
      "Boundaries": [
        {
          "X": 690,
          "Y": 144
        },
        {
          "X": 733,
          "Y": 144
        },
        {
          "X": 733,
          "Y": 187
        },
        {
          "X": 690,
          "Y": 187
        }
      ],
      "KeyCodes": [46],
      "Text": "Entf",
      "TextPosition": {
        "X": 711,
        "Y": 165
      },
      "ChangeOnCaps": false,
      "ShiftText": "Entf"
    },
    {
      "__type": "KeyboardKey",
      "Id": 17,
      "Boundaries": [
        {
          "X": 53,
          "Y": 100
        },
        {
          "X": 96,
          "Y": 100
        },
        {
          "X": 96,
          "Y": 143
        },
        {
          "X": 53,
          "Y": 143
        }
      ],
      "KeyCodes": [49],
      "Text": "1",
      "TextPosition": {
        "X": 74,
        "Y": 121
      },
      "ChangeOnCaps": false,
      "ShiftText": "!"
    },
    {
      "__type": "KeyboardKey",
      "Id": 18,
      "Boundaries": [
        {
          "X": 97,
          "Y": 100
        },
        {
          "X": 140,
          "Y": 100
        },
        {
          "X": 140,
          "Y": 143
        },
        {
          "X": 97,
          "Y": 143
        }
      ],
      "KeyCodes": [50],
      "Text": "2",
      "TextPosition": {
        "X": 118,
        "Y": 121
      },
      "ChangeOnCaps": false,
      "ShiftText": "\""
    },
    {
      "__type": "KeyboardKey",
      "Id": 19,
      "Boundaries": [
        {
          "X": 141,
          "Y": 100
        },
        {
          "X": 184,
          "Y": 100
        },
        {
          "X": 184,
          "Y": 143
        },
        {
          "X": 141,
          "Y": 143
        }
      ],
      "KeyCodes": [51],
      "Text": "3",
      "TextPosition": {
        "X": 162,
        "Y": 121
      },
      "ChangeOnCaps": false,
      "ShiftText": "§"
    },
    {
      "__type": "KeyboardKey",
      "Id": 20,
      "Boundaries": [
        {
          "X": 185,
          "Y": 100
        },
        {
          "X": 228,
          "Y": 100
        },
        {
          "X": 228,
          "Y": 143
        },
        {
          "X": 185,
          "Y": 143
        }
      ],
      "KeyCodes": [52],
      "Text": "4",
      "TextPosition": {
        "X": 206,
        "Y": 121
      },
      "ChangeOnCaps": false,
      "ShiftText": "$"
    },
    {
      "__type": "KeyboardKey",
      "Id": 21,
      "Boundaries": [
        {
          "X": 229,
          "Y": 100
        },
        {
          "X": 272,
          "Y": 100
        },
        {
          "X": 272,
          "Y": 143
        },
        {
          "X": 229,
          "Y": 143
        }
      ],
      "KeyCodes": [53],
      "Text": "5",
      "TextPosition": {
        "X": 250,
        "Y": 121
      },
      "ChangeOnCaps": false,
      "ShiftText": "%"
    },
    {
      "__type": "KeyboardKey",
      "Id": 22,
      "Boundaries": [
        {
          "X": 273,
          "Y": 100
        },
        {
          "X": 316,
          "Y": 100
        },
        {
          "X": 316,
          "Y": 143
        },
        {
          "X": 273,
          "Y": 143
        }
      ],
      "KeyCodes": [54],
      "Text": "6",
      "TextPosition": {
        "X": 294,
        "Y": 121
      },
      "ChangeOnCaps": false,
      "ShiftText": "&"
    },
    {
      "__type": "KeyboardKey",
      "Id": 23,
      "Boundaries": [
        {
          "X": 317,
          "Y": 100
        },
        {
          "X": 360,
          "Y": 100
        },
        {
          "X": 360,
          "Y": 143
        },
        {
          "X": 317,
          "Y": 143
        }
      ],
      "KeyCodes": [55],
      "Text": "7",
      "TextPosition": {
        "X": 338,
        "Y": 121
      },
      "ChangeOnCaps": false,
      "ShiftText": "/"
    },
    {
      "__type": "KeyboardKey",
      "Id": 24,
      "Boundaries": [
        {
          "X": 361,
          "Y": 100
        },
        {
          "X": 404,
          "Y": 100
        },
        {
          "X": 404,
          "Y": 143
        },
        {
          "X": 361,
          "Y": 143
        }
      ],
      "KeyCodes": [56],
      "Text": "8",
      "TextPosition": {
        "X": 382,
        "Y": 121
      },
      "ChangeOnCaps": false,
      "ShiftText": "("
    },
    {
      "__type": "KeyboardKey",
      "Id": 25,
      "Boundaries": [
        {
          "X": 405,
          "Y": 100
        },
        {
          "X": 448,
          "Y": 100
        },
        {
          "X": 448,
          "Y": 143
        },
        {
          "X": 405,
          "Y": 143
        }
      ],
      "KeyCodes": [57],
      "Text": "9",
      "TextPosition": {
        "X": 426,
        "Y": 121
      },
      "ChangeOnCaps": false,
      "ShiftText": ")"
    },
    {
      "__type": "KeyboardKey",
      "Id": 26,
      "Boundaries": [
        {
          "X": 449,
          "Y": 100
        },
        {
          "X": 492,
          "Y": 100
        },
        {
          "X": 492,
          "Y": 143
        },
        {
          "X": 449,
          "Y": 143
        }
      ],
      "KeyCodes": [48],
      "Text": "0",
      "TextPosition": {
        "X": 470,
        "Y": 121
      },
      "ChangeOnCaps": false,
      "ShiftText": "="
    },
    {
      "__type": "KeyboardKey",
      "Id": 27,
      "Boundaries": [
        {
          "X": 89,
          "Y": 188
        },
        {
          "X": 132,
          "Y": 188
        },
        {
          "X": 132,
          "Y": 231
        },
        {
          "X": 89,
          "Y": 231
        }
      ],
      "KeyCodes": [65],
      "Text": "a",
      "TextPosition": {
        "X": 110,
        "Y": 209
      },
      "ChangeOnCaps": true,
      "ShiftText": "A"
    },
    {
      "__type": "KeyboardKey",
      "Id": 28,
      "Boundaries": [
        {
          "X": 286,
          "Y": 232
        },
        {
          "X": 329,
          "Y": 232
        },
        {
          "X": 329,
          "Y": 275
        },
        {
          "X": 286,
          "Y": 275
        }
      ],
      "KeyCodes": [66],
      "Text": "b",
      "TextPosition": {
        "X": 307,
        "Y": 253
      },
      "ChangeOnCaps": true,
      "ShiftText": "B"
    },
    {
      "__type": "KeyboardKey",
      "Id": 29,
      "Boundaries": [
        {
          "X": 198,
          "Y": 232
        },
        {
          "X": 241,
          "Y": 232
        },
        {
          "X": 241,
          "Y": 275
        },
        {
          "X": 198,
          "Y": 275
        }
      ],
      "KeyCodes": [67],
      "Text": "c",
      "TextPosition": {
        "X": 219,
        "Y": 253
      },
      "ChangeOnCaps": true,
      "ShiftText": "C"
    },
    {
      "__type": "KeyboardKey",
      "Id": 30,
      "Boundaries": [
        {
          "X": 177,
          "Y": 188
        },
        {
          "X": 220,
          "Y": 188
        },
        {
          "X": 220,
          "Y": 231
        },
        {
          "X": 177,
          "Y": 231
        }
      ],
      "KeyCodes": [68],
      "Text": "d",
      "TextPosition": {
        "X": 198,
        "Y": 209
      },
      "ChangeOnCaps": true,
      "ShiftText": "D"
    },
    {
      "__type": "KeyboardKey",
      "Id": 31,
      "Boundaries": [
        {
          "X": 165,
          "Y": 144
        },
        {
          "X": 208,
          "Y": 144
        },
        {
          "X": 208,
          "Y": 187
        },
        {
          "X": 165,
          "Y": 187
        }
      ],
      "KeyCodes": [69],
      "Text": "e",
      "TextPosition": {
        "X": 186,
        "Y": 165
      },
      "ChangeOnCaps": true,
      "ShiftText": "E"
    },
    {
      "__type": "KeyboardKey",
      "Id": 32,
      "Boundaries": [
        {
          "X": 221,
          "Y": 188
        },
        {
          "X": 264,
          "Y": 188
        },
        {
          "X": 264,
          "Y": 231
        },
        {
          "X": 221,
          "Y": 231
        }
      ],
      "KeyCodes": [70],
      "Text": "f",
      "TextPosition": {
        "X": 242,
        "Y": 209
      },
      "ChangeOnCaps": true,
      "ShiftText": "F"
    },
    {
      "__type": "KeyboardKey",
      "Id": 33,
      "Boundaries": [
        {
          "X": 265,
          "Y": 188
        },
        {
          "X": 308,
          "Y": 188
        },
        {
          "X": 308,
          "Y": 231
        },
        {
          "X": 265,
          "Y": 231
        }
      ],
      "KeyCodes": [71],
      "Text": "g",
      "TextPosition": {
        "X": 286,
        "Y": 209
      },
      "ChangeOnCaps": true,
      "ShiftText": "G"
    },
    {
      "__type": "KeyboardKey",
      "Id": 34,
      "Boundaries": [
        {
          "X": 309,
          "Y": 188
        },
        {
          "X": 352,
          "Y": 188
        },
        {
          "X": 352,
          "Y": 231
        },
        {
          "X": 309,
          "Y": 231
        }
      ],
      "KeyCodes": [72],
      "Text": "h",
      "TextPosition": {
        "X": 330,
        "Y": 209
      },
      "ChangeOnCaps": true,
      "ShiftText": "H"
    },
    {
      "__type": "KeyboardKey",
      "Id": 35,
      "Boundaries": [
        {
          "X": 385,
          "Y": 144
        },
        {
          "X": 428,
          "Y": 144
        },
        {
          "X": 428,
          "Y": 187
        },
        {
          "X": 385,
          "Y": 187
        }
      ],
      "KeyCodes": [73],
      "Text": "i",
      "TextPosition": {
        "X": 406,
        "Y": 165
      },
      "ChangeOnCaps": true,
      "ShiftText": "I"
    },
    {
      "__type": "KeyboardKey",
      "Id": 36,
      "Boundaries": [
        {
          "X": 353,
          "Y": 188
        },
        {
          "X": 396,
          "Y": 188
        },
        {
          "X": 396,
          "Y": 231
        },
        {
          "X": 353,
          "Y": 231
        }
      ],
      "KeyCodes": [74],
      "Text": "j",
      "TextPosition": {
        "X": 374,
        "Y": 209
      },
      "ChangeOnCaps": true,
      "ShiftText": "J"
    },
    {
      "__type": "KeyboardKey",
      "Id": 37,
      "Boundaries": [
        {
          "X": 397,
          "Y": 188
        },
        {
          "X": 440,
          "Y": 188
        },
        {
          "X": 440,
          "Y": 231
        },
        {
          "X": 397,
          "Y": 231
        }
      ],
      "KeyCodes": [75],
      "Text": "k",
      "TextPosition": {
        "X": 418,
        "Y": 209
      },
      "ChangeOnCaps": true,
      "ShiftText": "K"
    },
    {
      "__type": "KeyboardKey",
      "Id": 38,
      "Boundaries": [
        {
          "X": 441,
          "Y": 188
        },
        {
          "X": 484,
          "Y": 188
        },
        {
          "X": 484,
          "Y": 231
        },
        {
          "X": 441,
          "Y": 231
        }
      ],
      "KeyCodes": [76],
      "Text": "l",
      "TextPosition": {
        "X": 462,
        "Y": 209
      },
      "ChangeOnCaps": true,
      "ShiftText": "L"
    },
    {
      "__type": "KeyboardKey",
      "Id": 39,
      "Boundaries": [
        {
          "X": 374,
          "Y": 232
        },
        {
          "X": 417,
          "Y": 232
        },
        {
          "X": 417,
          "Y": 275
        },
        {
          "X": 374,
          "Y": 275
        }
      ],
      "KeyCodes": [77],
      "Text": "m",
      "TextPosition": {
        "X": 395,
        "Y": 253
      },
      "ChangeOnCaps": true,
      "ShiftText": "M"
    },
    {
      "__type": "KeyboardKey",
      "Id": 40,
      "Boundaries": [
        {
          "X": 330,
          "Y": 232
        },
        {
          "X": 373,
          "Y": 232
        },
        {
          "X": 373,
          "Y": 275
        },
        {
          "X": 330,
          "Y": 275
        }
      ],
      "KeyCodes": [78],
      "Text": "n",
      "TextPosition": {
        "X": 351,
        "Y": 253
      },
      "ChangeOnCaps": true,
      "ShiftText": "N"
    },
    {
      "__type": "KeyboardKey",
      "Id": 41,
      "Boundaries": [
        {
          "X": 429,
          "Y": 144
        },
        {
          "X": 472,
          "Y": 144
        },
        {
          "X": 472,
          "Y": 187
        },
        {
          "X": 429,
          "Y": 187
        }
      ],
      "KeyCodes": [79],
      "Text": "o",
      "TextPosition": {
        "X": 450,
        "Y": 165
      },
      "ChangeOnCaps": true,
      "ShiftText": "O"
    },
    {
      "__type": "KeyboardKey",
      "Id": 42,
      "Boundaries": [
        {
          "X": 473,
          "Y": 144
        },
        {
          "X": 516,
          "Y": 144
        },
        {
          "X": 516,
          "Y": 187
        },
        {
          "X": 473,
          "Y": 187
        }
      ],
      "KeyCodes": [80],
      "Text": "p",
      "TextPosition": {
        "X": 494,
        "Y": 165
      },
      "ChangeOnCaps": true,
      "ShiftText": "P"
    },
    {
      "__type": "KeyboardKey",
      "Id": 43,
      "Boundaries": [
        {
          "X": 77,
          "Y": 144
        },
        {
          "X": 120,
          "Y": 144
        },
        {
          "X": 120,
          "Y": 187
        },
        {
          "X": 77,
          "Y": 187
        }
      ],
      "KeyCodes": [81],
      "Text": "q",
      "TextPosition": {
        "X": 98,
        "Y": 165
      },
      "ChangeOnCaps": true,
      "ShiftText": "Q"
    },
    {
      "__type": "KeyboardKey",
      "Id": 44,
      "Boundaries": [
        {
          "X": 209,
          "Y": 144
        },
        {
          "X": 252,
          "Y": 144
        },
        {
          "X": 252,
          "Y": 187
        },
        {
          "X": 209,
          "Y": 187
        }
      ],
      "KeyCodes": [82],
      "Text": "r",
      "TextPosition": {
        "X": 230,
        "Y": 165
      },
      "ChangeOnCaps": true,
      "ShiftText": "R"
    },
    {
      "__type": "KeyboardKey",
      "Id": 45,
      "Boundaries": [
        {
          "X": 133,
          "Y": 188
        },
        {
          "X": 176,
          "Y": 188
        },
        {
          "X": 176,
          "Y": 231
        },
        {
          "X": 133,
          "Y": 231
        }
      ],
      "KeyCodes": [83],
      "Text": "s",
      "TextPosition": {
        "X": 154,
        "Y": 209
      },
      "ChangeOnCaps": true,
      "ShiftText": "S"
    },
    {
      "__type": "KeyboardKey",
      "Id": 46,
      "Boundaries": [
        {
          "X": 253,
          "Y": 144
        },
        {
          "X": 296,
          "Y": 144
        },
        {
          "X": 296,
          "Y": 187
        },
        {
          "X": 253,
          "Y": 187
        }
      ],
      "KeyCodes": [84],
      "Text": "t",
      "TextPosition": {
        "X": 274,
        "Y": 165
      },
      "ChangeOnCaps": true,
      "ShiftText": "T"
    },
    {
      "__type": "KeyboardKey",
      "Id": 47,
      "Boundaries": [
        {
          "X": 341,
          "Y": 144
        },
        {
          "X": 384,
          "Y": 144
        },
        {
          "X": 384,
          "Y": 187
        },
        {
          "X": 341,
          "Y": 187
        }
      ],
      "KeyCodes": [85],
      "Text": "u",
      "TextPosition": {
        "X": 362,
        "Y": 165
      },
      "ChangeOnCaps": true,
      "ShiftText": "U"
    },
    {
      "__type": "KeyboardKey",
      "Id": 48,
      "Boundaries": [
        {
          "X": 242,
          "Y": 232
        },
        {
          "X": 285,
          "Y": 232
        },
        {
          "X": 285,
          "Y": 275
        },
        {
          "X": 242,
          "Y": 275
        }
      ],
      "KeyCodes": [86],
      "Text": "v",
      "TextPosition": {
        "X": 263,
        "Y": 253
      },
      "ChangeOnCaps": true,
      "ShiftText": "V"
    },
    {
      "__type": "KeyboardKey",
      "Id": 49,
      "Boundaries": [
        {
          "X": 121,
          "Y": 144
        },
        {
          "X": 164,
          "Y": 144
        },
        {
          "X": 164,
          "Y": 187
        },
        {
          "X": 121,
          "Y": 187
        }
      ],
      "KeyCodes": [87],
      "Text": "w",
      "TextPosition": {
        "X": 142,
        "Y": 165
      },
      "ChangeOnCaps": true,
      "ShiftText": "W"
    },
    {
      "__type": "KeyboardKey",
      "Id": 50,
      "Boundaries": [
        {
          "X": 154,
          "Y": 232
        },
        {
          "X": 197,
          "Y": 232
        },
        {
          "X": 197,
          "Y": 275
        },
        {
          "X": 154,
          "Y": 275
        }
      ],
      "KeyCodes": [88],
      "Text": "x",
      "TextPosition": {
        "X": 175,
        "Y": 253
      },
      "ChangeOnCaps": true,
      "ShiftText": "X"
    },
    {
      "__type": "KeyboardKey",
      "Id": 51,
      "Boundaries": [
        {
          "X": 297,
          "Y": 144
        },
        {
          "X": 340,
          "Y": 144
        },
        {
          "X": 340,
          "Y": 187
        },
        {
          "X": 297,
          "Y": 187
        }
      ],
      "KeyCodes": [90],
      "Text": "z",
      "TextPosition": {
        "X": 318,
        "Y": 165
      },
      "ChangeOnCaps": true,
      "ShiftText": "Z"
    },
    {
      "__type": "KeyboardKey",
      "Id": 52,
      "Boundaries": [
        {
          "X": 110,
          "Y": 232
        },
        {
          "X": 153,
          "Y": 232
        },
        {
          "X": 153,
          "Y": 275
        },
        {
          "X": 110,
          "Y": 275
        }
      ],
      "KeyCodes": [89],
      "Text": "y",
      "TextPosition": {
        "X": 131,
        "Y": 253
      },
      "ChangeOnCaps": true,
      "ShiftText": "Y"
    },
    {
      "__type": "KeyboardKey",
      "Id": 53,
      "Boundaries": [
        {
          "X": 75,
          "Y": 276
        },
        {
          "X": 129,
          "Y": 276
        },
        {
          "X": 129,
          "Y": 319
        },
        {
          "X": 75,
          "Y": 319
        }
      ],
      "KeyCodes": [91],
      "Text": "Win",
      "TextPosition": {
        "X": 102,
        "Y": 297
      },
      "ChangeOnCaps": false,
      "ShiftText": "Win"
    },
    {
      "__type": "KeyboardKey",
      "Id": 54,
      "Boundaries": [
        {
          "X": 507,
          "Y": 276
        },
        {
          "X": 561,
          "Y": 276
        },
        {
          "X": 561,
          "Y": 319
        },
        {
          "X": 507,
          "Y": 319
        }
      ],
      "KeyCodes": [92],
      "Text": "Win",
      "TextPosition": {
        "X": 534,
        "Y": 297
      },
      "ChangeOnCaps": false,
      "ShiftText": "Win"
    },
    {
      "__type": "KeyboardKey",
      "Id": 55,
      "Boundaries": [
        {
          "X": 562,
          "Y": 276
        },
        {
          "X": 616,
          "Y": 276
        },
        {
          "X": 616,
          "Y": 319
        },
        {
          "X": 562,
          "Y": 319
        }
      ],
      "KeyCodes": [93],
      "Text": "Menu",
      "TextPosition": {
        "X": 589,
        "Y": 297
      },
      "ChangeOnCaps": false,
      "ShiftText": "Menu"
    },
    {
      "__type": "KeyboardKey",
      "Id": 56,
      "Boundaries": [
        {
          "X": 98,
          "Y": 9
        },
        {
          "X": 141,
          "Y": 9
        },
        {
          "X": 141,
          "Y": 52
        },
        {
          "X": 98,
          "Y": 52
        }
      ],
      "KeyCodes": [112],
      "Text": "F1",
      "TextPosition": {
        "X": 119,
        "Y": 30
      },
      "ChangeOnCaps": false,
      "ShiftText": "F1"
    },
    {
      "__type": "KeyboardKey",
      "Id": 57,
      "Boundaries": [
        {
          "X": 142,
          "Y": 9
        },
        {
          "X": 185,
          "Y": 9
        },
        {
          "X": 185,
          "Y": 52
        },
        {
          "X": 142,
          "Y": 52
        }
      ],
      "KeyCodes": [113],
      "Text": "F2",
      "TextPosition": {
        "X": 163,
        "Y": 30
      },
      "ChangeOnCaps": false,
      "ShiftText": "F2"
    },
    {
      "__type": "KeyboardKey",
      "Id": 58,
      "Boundaries": [
        {
          "X": 186,
          "Y": 9
        },
        {
          "X": 229,
          "Y": 9
        },
        {
          "X": 229,
          "Y": 52
        },
        {
          "X": 186,
          "Y": 52
        }
      ],
      "KeyCodes": [114],
      "Text": "F3",
      "TextPosition": {
        "X": 207,
        "Y": 30
      },
      "ChangeOnCaps": false,
      "ShiftText": "F3"
    },
    {
      "__type": "KeyboardKey",
      "Id": 59,
      "Boundaries": [
        {
          "X": 230,
          "Y": 9
        },
        {
          "X": 273,
          "Y": 9
        },
        {
          "X": 273,
          "Y": 52
        },
        {
          "X": 230,
          "Y": 52
        }
      ],
      "KeyCodes": [115],
      "Text": "F4",
      "TextPosition": {
        "X": 251,
        "Y": 30
      },
      "ChangeOnCaps": false,
      "ShiftText": "F4"
    },
    {
      "__type": "KeyboardKey",
      "Id": 60,
      "Boundaries": [
        {
          "X": 298,
          "Y": 9
        },
        {
          "X": 341,
          "Y": 9
        },
        {
          "X": 341,
          "Y": 52
        },
        {
          "X": 298,
          "Y": 52
        }
      ],
      "KeyCodes": [116],
      "Text": "F5",
      "TextPosition": {
        "X": 319,
        "Y": 30
      },
      "ChangeOnCaps": false,
      "ShiftText": "F5"
    },
    {
      "__type": "KeyboardKey",
      "Id": 61,
      "Boundaries": [
        {
          "X": 342,
          "Y": 9
        },
        {
          "X": 385,
          "Y": 9
        },
        {
          "X": 385,
          "Y": 52
        },
        {
          "X": 342,
          "Y": 52
        }
      ],
      "KeyCodes": [117],
      "Text": "F6",
      "TextPosition": {
        "X": 363,
        "Y": 30
      },
      "ChangeOnCaps": false,
      "ShiftText": "F6"
    },
    {
      "__type": "KeyboardKey",
      "Id": 62,
      "Boundaries": [
        {
          "X": 386,
          "Y": 9
        },
        {
          "X": 429,
          "Y": 9
        },
        {
          "X": 429,
          "Y": 52
        },
        {
          "X": 386,
          "Y": 52
        }
      ],
      "KeyCodes": [118],
      "Text": "F7",
      "TextPosition": {
        "X": 407,
        "Y": 30
      },
      "ChangeOnCaps": false,
      "ShiftText": "F7"
    },
    {
      "__type": "KeyboardKey",
      "Id": 63,
      "Boundaries": [
        {
          "X": 430,
          "Y": 9
        },
        {
          "X": 473,
          "Y": 9
        },
        {
          "X": 473,
          "Y": 52
        },
        {
          "X": 430,
          "Y": 52
        }
      ],
      "KeyCodes": [119],
      "Text": "F8",
      "TextPosition": {
        "X": 451,
        "Y": 30
      },
      "ChangeOnCaps": false,
      "ShiftText": "F8"
    },
    {
      "__type": "KeyboardKey",
      "Id": 64,
      "Boundaries": [
        {
          "X": 498,
          "Y": 9
        },
        {
          "X": 541,
          "Y": 9
        },
        {
          "X": 541,
          "Y": 52
        },
        {
          "X": 498,
          "Y": 52
        }
      ],
      "KeyCodes": [120],
      "Text": "F9",
      "TextPosition": {
        "X": 519,
        "Y": 30
      },
      "ChangeOnCaps": false,
      "ShiftText": "F9"
    },
    {
      "__type": "KeyboardKey",
      "Id": 65,
      "Boundaries": [
        {
          "X": 542,
          "Y": 9
        },
        {
          "X": 585,
          "Y": 9
        },
        {
          "X": 585,
          "Y": 52
        },
        {
          "X": 542,
          "Y": 52
        }
      ],
      "KeyCodes": [121],
      "Text": "F10",
      "TextPosition": {
        "X": 563,
        "Y": 30
      },
      "ChangeOnCaps": false,
      "ShiftText": "F10"
    },
    {
      "__type": "KeyboardKey",
      "Id": 66,
      "Boundaries": [
        {
          "X": 586,
          "Y": 9
        },
        {
          "X": 629,
          "Y": 9
        },
        {
          "X": 629,
          "Y": 52
        },
        {
          "X": 586,
          "Y": 52
        }
      ],
      "KeyCodes": [122],
      "Text": "F11",
      "TextPosition": {
        "X": 607,
        "Y": 30
      },
      "ChangeOnCaps": false,
      "ShiftText": "F11"
    },
    {
      "__type": "KeyboardKey",
      "Id": 67,
      "Boundaries": [
        {
          "X": 630,
          "Y": 9
        },
        {
          "X": 673,
          "Y": 9
        },
        {
          "X": 673,
          "Y": 52
        },
        {
          "X": 630,
          "Y": 52
        }
      ],
      "KeyCodes": [123],
      "Text": "F12",
      "TextPosition": {
        "X": 651,
        "Y": 30
      },
      "ChangeOnCaps": false,
      "ShiftText": "F12"
    },
    {
      "__type": "KeyboardKey",
      "Id": 68,
      "Boundaries": [
        {
          "X": 734,
          "Y": 9
        },
        {
          "X": 777,
          "Y": 9
        },
        {
          "X": 777,
          "Y": 52
        },
        {
          "X": 734,
          "Y": 52
        }
      ],
      "KeyCodes": [145],
      "Text": "Roll",
      "TextPosition": {
        "X": 755,
        "Y": 30
      },
      "ChangeOnCaps": false,
      "ShiftText": "Roll"
    },
    {
      "__type": "KeyboardKey",
      "Id": 69,
      "Boundaries": [
        {
          "X": 9,
          "Y": 232
        },
        {
          "X": 65,
          "Y": 232
        },
        {
          "X": 65,
          "Y": 275
        },
        {
          "X": 9,
          "Y": 275
        }
      ],
      "KeyCodes": [160],
      "Text": "⇑",
      "TextPosition": {
        "X": 37,
        "Y": 253
      },
      "ChangeOnCaps": false,
      "ShiftText": "⇑"
    },
    {
      "__type": "KeyboardKey",
      "Id": 70,
      "Boundaries": [
        {
          "X": 550,
          "Y": 232
        },
        {
          "X": 671,
          "Y": 232
        },
        {
          "X": 671,
          "Y": 275
        },
        {
          "X": 550,
          "Y": 275
        }
      ],
      "KeyCodes": [161],
      "Text": "⇑",
      "TextPosition": {
        "X": 610,
        "Y": 253
      },
      "ChangeOnCaps": false,
      "ShiftText": "⇑"
    },
    {
      "__type": "KeyboardKey",
      "Id": 71,
      "Boundaries": [
        {
          "X": 9,
          "Y": 276
        },
        {
          "X": 74,
          "Y": 276
        },
        {
          "X": 74,
          "Y": 319
        },
        {
          "X": 9,
          "Y": 319
        }
      ],
      "KeyCodes": [162],
      "Text": "strg",
      "TextPosition": {
        "X": 41,
        "Y": 297
      },
      "ChangeOnCaps": false,
      "ShiftText": "strg"
    },
    {
      "__type": "KeyboardKey",
      "Id": 72,
      "Boundaries": [
        {
          "X": 617,
          "Y": 276
        },
        {
          "X": 671,
          "Y": 276
        },
        {
          "X": 671,
          "Y": 319
        },
        {
          "X": 617,
          "Y": 319
        }
      ],
      "KeyCodes": [163],
      "Text": "strg",
      "TextPosition": {
        "X": 644,
        "Y": 297
      },
      "ChangeOnCaps": false,
      "ShiftText": "strg"
    },
    {
      "__type": "KeyboardKey",
      "Id": 73,
      "Boundaries": [
        {
          "X": 130,
          "Y": 276
        },
        {
          "X": 186,
          "Y": 276
        },
        {
          "X": 186,
          "Y": 319
        },
        {
          "X": 130,
          "Y": 319
        }
      ],
      "KeyCodes": [164],
      "Text": "Alt",
      "TextPosition": {
        "X": 158,
        "Y": 297
      },
      "ChangeOnCaps": false,
      "ShiftText": "Alt"
    },
    {
      "__type": "KeyboardKey",
      "Id": 74,
      "Boundaries": [
        {
          "X": 450,
          "Y": 276
        },
        {
          "X": 506,
          "Y": 276
        },
        {
          "X": 506,
          "Y": 319
        },
        {
          "X": 450,
          "Y": 319
        }
      ],
      "KeyCodes": [165],
      "Text": "Alt gr",
      "TextPosition": {
        "X": 478,
        "Y": 297
      },
      "ChangeOnCaps": false,
      "ShiftText": "Alt gr"
    },
    {
      "__type": "KeyboardKey",
      "Id": 75,
      "Boundaries": [
        {
          "X": 493,
          "Y": 100
        },
        {
          "X": 536,
          "Y": 100
        },
        {
          "X": 536,
          "Y": 143
        },
        {
          "X": 493,
          "Y": 143
        }
      ],
      "KeyCodes": [219],
      "Text": "ß",
      "TextPosition": {
        "X": 514,
        "Y": 121
      },
      "ChangeOnCaps": false,
      "ShiftText": "?"
    },
    {
      "__type": "KeyboardKey",
      "Id": 76,
      "Boundaries": [
        {
          "X": 506,
          "Y": 232
        },
        {
          "X": 549,
          "Y": 232
        },
        {
          "X": 549,
          "Y": 275
        },
        {
          "X": 506,
          "Y": 275
        }
      ],
      "KeyCodes": [189],
      "Text": "-",
      "TextPosition": {
        "X": 527,
        "Y": 253
      },
      "ChangeOnCaps": false,
      "ShiftText": "_"
    },
    {
      "__type": "KeyboardKey",
      "Id": 77,
      "Boundaries": [
        {
          "X": 485,
          "Y": 188
        },
        {
          "X": 528,
          "Y": 188
        },
        {
          "X": 528,
          "Y": 231
        },
        {
          "X": 485,
          "Y": 231
        }
      ],
      "KeyCodes": [192],
      "Text": "ö",
      "TextPosition": {
        "X": 506,
        "Y": 209
      },
      "ChangeOnCaps": false,
      "ShiftText": "Ö"
    },
    {
      "__type": "KeyboardKey",
      "Id": 78,
      "Boundaries": [
        {
          "X": 537,
          "Y": 100
        },
        {
          "X": 580,
          "Y": 100
        },
        {
          "X": 580,
          "Y": 143
        },
        {
          "X": 537,
          "Y": 143
        }
      ],
      "KeyCodes": [221],
      "Text": "´",
      "TextPosition": {
        "X": 558,
        "Y": 121
      },
      "ChangeOnCaps": false,
      "ShiftText": "`"
    },
    {
      "__type": "KeyboardKey",
      "Id": 79,
      "Boundaries": [
        {
          "X": 418,
          "Y": 232
        },
        {
          "X": 461,
          "Y": 232
        },
        {
          "X": 461,
          "Y": 275
        },
        {
          "X": 418,
          "Y": 275
        }
      ],
      "KeyCodes": [188],
      "Text": ",",
      "TextPosition": {
        "X": 439,
        "Y": 253
      },
      "ChangeOnCaps": false,
      "ShiftText": ";"
    },
    {
      "__type": "KeyboardKey",
      "Id": 80,
      "Boundaries": [
        {
          "X": 462,
          "Y": 232
        },
        {
          "X": 505,
          "Y": 232
        },
        {
          "X": 505,
          "Y": 275
        },
        {
          "X": 462,
          "Y": 275
        }
      ],
      "KeyCodes": [190],
      "Text": ".",
      "TextPosition": {
        "X": 483,
        "Y": 253
      },
      "ChangeOnCaps": false,
      "ShiftText": ":"
    },
    {
      "__type": "KeyboardKey",
      "Id": 81,
      "Boundaries": [
        {
          "X": 9,
          "Y": 100
        },
        {
          "X": 52,
          "Y": 100
        },
        {
          "X": 52,
          "Y": 143
        },
        {
          "X": 9,
          "Y": 143
        }
      ],
      "KeyCodes": [220],
      "Text": "^",
      "TextPosition": {
        "X": 30,
        "Y": 121
      },
      "ChangeOnCaps": false,
      "ShiftText": "^"
    },
    {
      "__type": "KeyboardKey",
      "Id": 82,
      "Boundaries": [
        {
          "X": 517,
          "Y": 144
        },
        {
          "X": 560,
          "Y": 144
        },
        {
          "X": 560,
          "Y": 187
        },
        {
          "X": 517,
          "Y": 187
        }
      ],
      "KeyCodes": [186],
      "Text": "ü",
      "TextPosition": {
        "X": 538,
        "Y": 165
      },
      "ChangeOnCaps": false,
      "ShiftText": "Ü"
    },
    {
      "__type": "KeyboardKey",
      "Id": 83,
      "Boundaries": [
        {
          "X": 573,
          "Y": 188
        },
        {
          "X": 616,
          "Y": 188
        },
        {
          "X": 616,
          "Y": 231
        },
        {
          "X": 573,
          "Y": 231
        }
      ],
      "KeyCodes": [191],
      "Text": "#",
      "TextPosition": {
        "X": 594,
        "Y": 209
      },
      "ChangeOnCaps": false,
      "ShiftText": "'"
    },
    {
      "__type": "KeyboardKey",
      "Id": 85,
      "Boundaries": [
        {
          "X": 671,
          "Y": 231
        },
        {
          "X": 617,
          "Y": 231
        },
        {
          "X": 617,
          "Y": 187
        },
        {
          "X": 605,
          "Y": 187
        },
        {
          "X": 605,
          "Y": 144
        },
        {
          "X": 671,
          "Y": 144
        }
      ],
      "KeyCodes": [13],
      "Text": "↵",
      "TextPosition": {
        "X": 638,
        "Y": 187
      },
      "ChangeOnCaps": false,
      "ShiftText": "↵"
    },
    {
      "__type": "KeyboardKey",
      "Id": 86,
      "Boundaries": [
        {
          "X": 561,
          "Y": 144
        },
        {
          "X": 604,
          "Y": 144
        },
        {
          "X": 604,
          "Y": 187
        },
        {
          "X": 561,
          "Y": 187
        }
      ],
      "KeyCodes": [187],
      "Text": "+",
      "TextPosition": {
        "X": 582,
        "Y": 165
      },
      "ChangeOnCaps": false,
      "ShiftText": "*"
    },
    {
      "__type": "KeyboardKey",
      "Id": 87,
      "Boundaries": [
        {
          "X": 529,
          "Y": 188
        },
        {
          "X": 572,
          "Y": 188
        },
        {
          "X": 572,
          "Y": 231
        },
        {
          "X": 529,
          "Y": 231
        }
      ],
      "KeyCodes": [222],
      "Text": "ä",
      "TextPosition": {
        "X": 550,
        "Y": 209
      },
      "ChangeOnCaps": false,
      "ShiftText": "Ä"
    },
    {
      "__type": "KeyboardKey",
      "Id": 88,
      "Boundaries": [
        {
          "X": 66,
          "Y": 232
        },
        {
          "X": 109,
          "Y": 232
        },
        {
          "X": 109,
          "Y": 275
        },
        {
          "X": 66,
          "Y": 275
        }
      ],
      "KeyCodes": [226],
      "Text": "<",
      "TextPosition": {
        "X": 87,
        "Y": 253
      },
      "ChangeOnCaps": false,
      "ShiftText": ">"
    },
    {
      "__type": "KeyboardKey",
      "Id": 89,
      "Boundaries": [
        {
          "X": 840,
          "Y": 100
        },
        {
          "X": 883,
          "Y": 100
        },
        {
          "X": 883,
          "Y": 143
        },
        {
          "X": 840,
          "Y": 143
        }
      ],
      "KeyCodes": [144],
      "Text": "Num",
      "TextPosition": {
        "X": 861,
        "Y": 121
      },
      "ChangeOnCaps": false,
      "ShiftText": "Num"
    },
    {
      "__type": "KeyboardKey",
      "Id": 90,
      "Boundaries": [
        {
          "X": 840,
          "Y": 276
        },
        {
          "X": 927,
          "Y": 276
        },
        {
          "X": 927,
          "Y": 319
        },
        {
          "X": 840,
          "Y": 319
        }
      ],
      "KeyCodes": [96],
      "Text": "0",
      "TextPosition": {
        "X": 883,
        "Y": 297
      },
      "ChangeOnCaps": false,
      "ShiftText": "0"
    },
    {
      "__type": "KeyboardKey",
      "Id": 91,
      "Boundaries": [
        {
          "X": 840,
          "Y": 232
        },
        {
          "X": 883,
          "Y": 232
        },
        {
          "X": 883,
          "Y": 275
        },
        {
          "X": 840,
          "Y": 275
        }
      ],
      "KeyCodes": [97],
      "Text": "1",
      "TextPosition": {
        "X": 861,
        "Y": 253
      },
      "ChangeOnCaps": false,
      "ShiftText": "1"
    },
    {
      "__type": "KeyboardKey",
      "Id": 92,
      "Boundaries": [
        {
          "X": 884,
          "Y": 232
        },
        {
          "X": 927,
          "Y": 232
        },
        {
          "X": 927,
          "Y": 275
        },
        {
          "X": 884,
          "Y": 275
        }
      ],
      "KeyCodes": [98],
      "Text": "2",
      "TextPosition": {
        "X": 905,
        "Y": 253
      },
      "ChangeOnCaps": false,
      "ShiftText": "2"
    },
    {
      "__type": "KeyboardKey",
      "Id": 93,
      "Boundaries": [
        {
          "X": 928,
          "Y": 232
        },
        {
          "X": 971,
          "Y": 232
        },
        {
          "X": 971,
          "Y": 275
        },
        {
          "X": 928,
          "Y": 275
        }
      ],
      "KeyCodes": [99],
      "Text": "3",
      "TextPosition": {
        "X": 949,
        "Y": 253
      },
      "ChangeOnCaps": false,
      "ShiftText": "3"
    },
    {
      "__type": "KeyboardKey",
      "Id": 94,
      "Boundaries": [
        {
          "X": 840,
          "Y": 188
        },
        {
          "X": 883,
          "Y": 188
        },
        {
          "X": 883,
          "Y": 231
        },
        {
          "X": 840,
          "Y": 231
        }
      ],
      "KeyCodes": [100],
      "Text": "4",
      "TextPosition": {
        "X": 861,
        "Y": 209
      },
      "ChangeOnCaps": false,
      "ShiftText": "4"
    },
    {
      "__type": "KeyboardKey",
      "Id": 95,
      "Boundaries": [
        {
          "X": 884,
          "Y": 188
        },
        {
          "X": 927,
          "Y": 188
        },
        {
          "X": 927,
          "Y": 231
        },
        {
          "X": 884,
          "Y": 231
        }
      ],
      "KeyCodes": [101],
      "Text": "5",
      "TextPosition": {
        "X": 905,
        "Y": 209
      },
      "ChangeOnCaps": false,
      "ShiftText": "5"
    },
    {
      "__type": "KeyboardKey",
      "Id": 96,
      "Boundaries": [
        {
          "X": 928,
          "Y": 188
        },
        {
          "X": 971,
          "Y": 188
        },
        {
          "X": 971,
          "Y": 231
        },
        {
          "X": 928,
          "Y": 231
        }
      ],
      "KeyCodes": [102],
      "Text": "6",
      "TextPosition": {
        "X": 949,
        "Y": 209
      },
      "ChangeOnCaps": false,
      "ShiftText": "6"
    },
    {
      "__type": "KeyboardKey",
      "Id": 97,
      "Boundaries": [
        {
          "X": 840,
          "Y": 144
        },
        {
          "X": 883,
          "Y": 144
        },
        {
          "X": 883,
          "Y": 187
        },
        {
          "X": 840,
          "Y": 187
        }
      ],
      "KeyCodes": [103],
      "Text": "7",
      "TextPosition": {
        "X": 861,
        "Y": 165
      },
      "ChangeOnCaps": false,
      "ShiftText": "7"
    },
    {
      "__type": "KeyboardKey",
      "Id": 98,
      "Boundaries": [
        {
          "X": 884,
          "Y": 144
        },
        {
          "X": 927,
          "Y": 144
        },
        {
          "X": 927,
          "Y": 187
        },
        {
          "X": 884,
          "Y": 187
        }
      ],
      "KeyCodes": [104],
      "Text": "8",
      "TextPosition": {
        "X": 905,
        "Y": 165
      },
      "ChangeOnCaps": false,
      "ShiftText": "8"
    },
    {
      "__type": "KeyboardKey",
      "Id": 99,
      "Boundaries": [
        {
          "X": 928,
          "Y": 144
        },
        {
          "X": 971,
          "Y": 144
        },
        {
          "X": 971,
          "Y": 187
        },
        {
          "X": 928,
          "Y": 187
        }
      ],
      "KeyCodes": [105],
      "Text": "9",
      "TextPosition": {
        "X": 949,
        "Y": 165
      },
      "ChangeOnCaps": false,
      "ShiftText": "9"
    },
    {
      "__type": "KeyboardKey",
      "Id": 100,
      "Boundaries": [
        {
          "X": 928,
          "Y": 100
        },
        {
          "X": 971,
          "Y": 100
        },
        {
          "X": 971,
          "Y": 143
        },
        {
          "X": 928,
          "Y": 143
        }
      ],
      "KeyCodes": [106],
      "Text": "*",
      "TextPosition": {
        "X": 949,
        "Y": 121
      },
      "ChangeOnCaps": false,
      "ShiftText": "*"
    },
    {
      "__type": "KeyboardKey",
      "Id": 101,
      "Boundaries": [
        {
          "X": 972,
          "Y": 144
        },
        {
          "X": 1015,
          "Y": 144
        },
        {
          "X": 1015,
          "Y": 231
        },
        {
          "X": 972,
          "Y": 231
        }
      ],
      "KeyCodes": [107],
      "Text": "+",
      "TextPosition": {
        "X": 993,
        "Y": 187
      },
      "ChangeOnCaps": false,
      "ShiftText": "+"
    },
    {
      "__type": "KeyboardKey",
      "Id": 102,
      "Boundaries": [
        {
          "X": 972,
          "Y": 100
        },
        {
          "X": 1015,
          "Y": 100
        },
        {
          "X": 1015,
          "Y": 143
        },
        {
          "X": 972,
          "Y": 143
        }
      ],
      "KeyCodes": [109],
      "Text": "-",
      "TextPosition": {
        "X": 993,
        "Y": 121
      },
      "ChangeOnCaps": false,
      "ShiftText": "-"
    },
    {
      "__type": "KeyboardKey",
      "Id": 103,
      "Boundaries": [
        {
          "X": 928,
          "Y": 276
        },
        {
          "X": 971,
          "Y": 276
        },
        {
          "X": 971,
          "Y": 319
        },
        {
          "X": 928,
          "Y": 319
        }
      ],
      "KeyCodes": [110],
      "Text": ".",
      "TextPosition": {
        "X": 949,
        "Y": 297
      },
      "ChangeOnCaps": false,
      "ShiftText": "."
    },
    {
      "__type": "KeyboardKey",
      "Id": 104,
      "Boundaries": [
        {
          "X": 884,
          "Y": 100
        },
        {
          "X": 927,
          "Y": 100
        },
        {
          "X": 927,
          "Y": 143
        },
        {
          "X": 884,
          "Y": 143
        }
      ],
      "KeyCodes": [111],
      "Text": "/",
      "TextPosition": {
        "X": 905,
        "Y": 121
      },
      "ChangeOnCaps": false,
      "ShiftText": "/"
    },
    {
      "__type": "KeyboardKey",
      "Id": 105,
      "Boundaries": [
        {
          "X": 972,
          "Y": 232
        },
        {
          "X": 1015,
          "Y": 232
        },
        {
          "X": 1015,
          "Y": 319
        },
        {
          "X": 972,
          "Y": 319
        }
      ],
      "KeyCodes": [1025],
      "Text": "Enter",
      "TextPosition": {
        "X": 993,
        "Y": 275
      },
      "ChangeOnCaps": false,
      "ShiftText": "Enter"
    }
  ],
  "Height": 328,
  "Version": 2,
  "Width": 1024,
  "$schema": "https://raw.githubusercontent.com/justDeeevin/NuhxBoard/refs/heads/main/schemas/layout.json"
}
