{
  "Elements": [
    {
      "__type": "KeyboardKey",
      "Id": 0,
      "Boundaries": [
        {
          "X": 143,
          "Y": 185
        },
        {
          "X": 274,
          "Y": 185
        },
        {
          "X": 274,
          "Y": 228
        },
        {
          "X": 143,
          "Y": 228
        }
      ],
      "KeyCodes": [32],
      "Text": "",
      "TextPosition": {
        "X": 208,
        "Y": 206
      },
      "ChangeOnCaps": false,
      "ShiftText": ""
    },
    {
      "__type": "KeyboardKey",
      "Id": 1,
      "Boundaries": [
        {
          "X": 9,
          "Y": 9
        },
        {
          "X": 52,
          "Y": 9
        },
        {
          "X": 52,
          "Y": 52
        },
        {
          "X": 9,
          "Y": 52
        }
      ],
      "KeyCodes": [49],
      "Text": "1",
      "TextPosition": {
        "X": 30,
        "Y": 30
      },
      "ChangeOnCaps": false,
      "ShiftText": "!"
    },
    {
      "__type": "KeyboardKey",
      "Id": 2,
      "Boundaries": [
        {
          "X": 53,
          "Y": 9
        },
        {
          "X": 96,
          "Y": 9
        },
        {
          "X": 96,
          "Y": 52
        },
        {
          "X": 53,
          "Y": 52
        }
      ],
      "KeyCodes": [50],
      "Text": "2",
      "TextPosition": {
        "X": 74,
        "Y": 30
      },
      "ChangeOnCaps": false,
      "ShiftText": "@"
    },
    {
      "__type": "KeyboardKey",
      "Id": 3,
      "Boundaries": [
        {
          "X": 97,
          "Y": 9
        },
        {
          "X": 140,
          "Y": 9
        },
        {
          "X": 140,
          "Y": 52
        },
        {
          "X": 97,
          "Y": 52
        }
      ],
      "KeyCodes": [51],
      "Text": "3",
      "TextPosition": {
        "X": 118,
        "Y": 30
      },
      "ChangeOnCaps": false,
      "ShiftText": "#"
    },
    {
      "__type": "KeyboardKey",
      "Id": 4,
      "Boundaries": [
        {
          "X": 141,
          "Y": 9
        },
        {
          "X": 184,
          "Y": 9
        },
        {
          "X": 184,
          "Y": 52
        },
        {
          "X": 141,
          "Y": 52
        }
      ],
      "KeyCodes": [52],
      "Text": "4",
      "TextPosition": {
        "X": 162,
        "Y": 30
      },
      "ChangeOnCaps": false,
      "ShiftText": "$"
    },
    {
      "__type": "KeyboardKey",
      "Id": 5,
      "Boundaries": [
        {
          "X": 45,
          "Y": 97
        },
        {
          "X": 88,
          "Y": 97
        },
        {
          "X": 88,
          "Y": 140
        },
        {
          "X": 45,
          "Y": 140
        }
      ],
      "KeyCodes": [65],
      "Text": "a",
      "TextPosition": {
        "X": 66,
        "Y": 118
      },
      "ChangeOnCaps": true,
      "ShiftText": "A"
    },
    {
      "__type": "KeyboardKey",
      "Id": 6,
      "Boundaries": [
        {
          "X": 154,
          "Y": 141
        },
        {
          "X": 197,
          "Y": 141
        },
        {
          "X": 197,
          "Y": 184
        },
        {
          "X": 154,
          "Y": 184
        }
      ],
      "KeyCodes": [67],
      "Text": "c",
      "TextPosition": {
        "X": 175,
        "Y": 162
      },
      "ChangeOnCaps": true,
      "ShiftText": "C"
    },
    {
      "__type": "KeyboardKey",
      "Id": 7,
      "Boundaries": [
        {
          "X": 133,
          "Y": 97
        },
        {
          "X": 176,
          "Y": 97
        },
        {
          "X": 176,
          "Y": 140
        },
        {
          "X": 133,
          "Y": 140
        }
      ],
      "KeyCodes": [68],
      "Text": "d",
      "TextPosition": {
        "X": 154,
        "Y": 118
      },
      "ChangeOnCaps": true,
      "ShiftText": "D"
    },
    {
      "__type": "KeyboardKey",
      "Id": 8,
      "Boundaries": [
        {
          "X": 121,
          "Y": 53
        },
        {
          "X": 164,
          "Y": 53
        },
        {
          "X": 164,
          "Y": 96
        },
        {
          "X": 121,
          "Y": 96
        }
      ],
      "KeyCodes": [69],
      "Text": "e",
      "TextPosition": {
        "X": 142,
        "Y": 74
      },
      "ChangeOnCaps": true,
      "ShiftText": "E"
    },
    {
      "__type": "MouseKey",
      "Id": 9,
      "Boundaries": [
        {
          "X": 188,
          "Y": 97
        },
        {
          "X": 231,
          "Y": 97
        },
        {
          "X": 231,
          "Y": 140
        },
        {
          "X": 188,
          "Y": 140
        }
      ],
      "KeyCodes": [0],
      "Text": "LMB",
      "TextPosition": {
        "X": 209,
        "Y": 118
      }
    },
    {
      "__type": "MouseKey",
      "Id": 10,
      "Boundaries": [
        {
          "X": 232,
          "Y": 97
        },
        {
          "X": 275,
          "Y": 97
        },
        {
          "X": 275,
          "Y": 140
        },
        {
          "X": 232,
          "Y": 140
        }
      ],
      "KeyCodes": [1],
      "Text": "RMB",
      "TextPosition": {
        "X": 253,
        "Y": 118
      }
    },
    {
      "__type": "KeyboardKey",
      "Id": 11,
      "Boundaries": [
        {
          "X": 33,
          "Y": 53
        },
        {
          "X": 76,
          "Y": 53
        },
        {
          "X": 76,
          "Y": 96
        },
        {
          "X": 33,
          "Y": 96
        }
      ],
      "KeyCodes": [81],
      "Text": "q",
      "TextPosition": {
        "X": 54,
        "Y": 74
      },
      "ChangeOnCaps": true,
      "ShiftText": "Q"
    },
    {
      "__type": "KeyboardKey",
      "Id": 12,
      "Boundaries": [
        {
          "X": 165,
          "Y": 53
        },
        {
          "X": 208,
          "Y": 53
        },
        {
          "X": 208,
          "Y": 96
        },
        {
          "X": 165,
          "Y": 96
        }
      ],
      "KeyCodes": [82],
      "Text": "r",
      "TextPosition": {
        "X": 186,
        "Y": 74
      },
      "ChangeOnCaps": true,
      "ShiftText": "R"
    },
    {
      "__type": "KeyboardKey",
      "Id": 13,
      "Boundaries": [
        {
          "X": 89,
          "Y": 97
        },
        {
          "X": 132,
          "Y": 97
        },
        {
          "X": 132,
          "Y": 140
        },
        {
          "X": 89,
          "Y": 140
        }
      ],
      "KeyCodes": [83],
      "Text": "s",
      "TextPosition": {
        "X": 110,
        "Y": 118
      },
      "ChangeOnCaps": true,
      "ShiftText": "S"
    },
    {
      "__type": "KeyboardKey",
      "Id": 14,
      "Boundaries": [
        {
          "X": 77,
          "Y": 53
        },
        {
          "X": 120,
          "Y": 53
        },
        {
          "X": 120,
          "Y": 96
        },
        {
          "X": 77,
          "Y": 96
        }
      ],
      "KeyCodes": [87],
      "Text": "w",
      "TextPosition": {
        "X": 98,
        "Y": 74
      },
      "ChangeOnCaps": true,
      "ShiftText": "W"
    },
    {
      "__type": "KeyboardKey",
      "Id": 15,
      "Boundaries": [
        {
          "X": 110,
          "Y": 141
        },
        {
          "X": 153,
          "Y": 141
        },
        {
          "X": 153,
          "Y": 184
        },
        {
          "X": 110,
          "Y": 184
        }
      ],
      "KeyCodes": [88],
      "Text": "x",
      "TextPosition": {
        "X": 131,
        "Y": 162
      },
      "ChangeOnCaps": true,
      "ShiftText": "X"
    },
    {
      "__type": "KeyboardKey",
      "Id": 16,
      "Boundaries": [
        {
          "X": 66,
          "Y": 141
        },
        {
          "X": 109,
          "Y": 141
        },
        {
          "X": 109,
          "Y": 184
        },
        {
          "X": 66,
          "Y": 184
        }
      ],
      "KeyCodes": [90],
      "Text": "z",
      "TextPosition": {
        "X": 87,
        "Y": 162
      },
      "ChangeOnCaps": true,
      "ShiftText": "Z"
    },
    {
      "__type": "KeyboardKey",
      "Id": 17,
      "Boundaries": [
        {
          "X": 86,
          "Y": 185
        },
        {
          "X": 142,
          "Y": 185
        },
        {
          "X": 142,
          "Y": 228
        },
        {
          "X": 86,
          "Y": 228
        }
      ],
      "KeyCodes": [164],
      "Text": "Alt",
      "TextPosition": {
        "X": 114,
        "Y": 206
      },
      "ChangeOnCaps": false,
      "ShiftText": "Alt"
    }
  ],
  "Height": 237,
  "Version": 2,
  "Width": 284,
  "$schema": "https://raw.githubusercontent.com/justDeeevin/NuhxBoard/refs/heads/main/schemas/layout.json"
}
