{
  "Elements": [
    {
      "__type": "KeyboardKey",
      "Id": 8,
      "Boundaries": [
        {
          "X": 37,
          "Y": 104
        },
        {
          "X": 46,
          "Y": 103
        },
        {
          "X": 55,
          "Y": 98
        },
        {
          "X": 61,
          "Y": 92
        },
        {
          "X": 66,
          "Y": 83
        },
        {
          "X": 67,
          "Y": 74
        },
        {
          "X": 66,
          "Y": 65
        },
        {
          "X": 61,
          "Y": 56
        },
        {
          "X": 55,
          "Y": 50
        },
        {
          "X": 46,
          "Y": 45
        },
        {
          "X": 37,
          "Y": 44
        },
        {
          "X": 28,
          "Y": 45
        },
        {
          "X": 19,
          "Y": 50
        },
        {
          "X": 13,
          "Y": 56
        },
        {
          "X": 8,
          "Y": 65
        },
        {
          "X": 7,
          "Y": 74
        },
        {
          "X": 8,
          "Y": 83
        },
        {
          "X": 13,
          "Y": 92
        },
        {
          "X": 19,
          "Y": 98
        },
        {
          "X": 28,
          "Y": 103
        }
      ],
      "KeyCodes": [69],
      "Text": "←",
      "TextPosition": {
        "X": 37,
        "Y": 74
      },
      "ChangeOnCaps": true,
      "ShiftText": "←"
    },
    {
      "__type": "KeyboardKey",
      "Id": 7,
      "Boundaries": [
        {
          "X": 97,
          "Y": 120
        },
        {
          "X": 106,
          "Y": 119
        },
        {
          "X": 115,
          "Y": 114
        },
        {
          "X": 121,
          "Y": 108
        },
        {
          "X": 126,
          "Y": 99
        },
        {
          "X": 127,
          "Y": 90
        },
        {
          "X": 126,
          "Y": 81
        },
        {
          "X": 121,
          "Y": 72
        },
        {
          "X": 115,
          "Y": 66
        },
        {
          "X": 106,
          "Y": 61
        },
        {
          "X": 97,
          "Y": 60
        },
        {
          "X": 88,
          "Y": 61
        },
        {
          "X": 79,
          "Y": 66
        },
        {
          "X": 73,
          "Y": 72
        },
        {
          "X": 68,
          "Y": 81
        },
        {
          "X": 67,
          "Y": 90
        },
        {
          "X": 68,
          "Y": 99
        },
        {
          "X": 73,
          "Y": 108
        },
        {
          "X": 79,
          "Y": 114
        },
        {
          "X": 88,
          "Y": 119
        }
      ],
      "KeyCodes": [85],
      "Text": "↓",
      "TextPosition": {
        "X": 97,
        "Y": 90
      },
      "ChangeOnCaps": true,
      "ShiftText": "↓"
    },
    {
      "__type": "KeyboardKey",
      "Id": 9,
      "Boundaries": [
        {
          "X": 158,
          "Y": 119
        },
        {
          "X": 167,
          "Y": 118
        },
        {
          "X": 176,
          "Y": 113
        },
        {
          "X": 182,
          "Y": 107
        },
        {
          "X": 187,
          "Y": 98
        },
        {
          "X": 188,
          "Y": 89
        },
        {
          "X": 187,
          "Y": 80
        },
        {
          "X": 182,
          "Y": 71
        },
        {
          "X": 176,
          "Y": 65
        },
        {
          "X": 167,
          "Y": 60
        },
        {
          "X": 158,
          "Y": 59
        },
        {
          "X": 149,
          "Y": 60
        },
        {
          "X": 140,
          "Y": 65
        },
        {
          "X": 134,
          "Y": 71
        },
        {
          "X": 129,
          "Y": 80
        },
        {
          "X": 128,
          "Y": 89
        },
        {
          "X": 129,
          "Y": 98
        },
        {
          "X": 134,
          "Y": 107
        },
        {
          "X": 140,
          "Y": 113
        },
        {
          "X": 149,
          "Y": 118
        }
      ],
      "KeyCodes": [72],
      "Text": "↑",
      "TextPosition": {
        "X": 160,
        "Y": 90
      },
      "ChangeOnCaps": true,
      "ShiftText": "↑"
    },
    {
      "__type": "KeyboardKey",
      "Id": 10,
      "Boundaries": [
        {
          "X": 218,
          "Y": 104
        },
        {
          "X": 227,
          "Y": 103
        },
        {
          "X": 236,
          "Y": 98
        },
        {
          "X": 242,
          "Y": 92
        },
        {
          "X": 247,
          "Y": 83
        },
        {
          "X": 248,
          "Y": 74
        },
        {
          "X": 247,
          "Y": 65
        },
        {
          "X": 242,
          "Y": 56
        },
        {
          "X": 236,
          "Y": 50
        },
        {
          "X": 227,
          "Y": 45
        },
        {
          "X": 218,
          "Y": 44
        },
        {
          "X": 209,
          "Y": 45
        },
        {
          "X": 200,
          "Y": 50
        },
        {
          "X": 194,
          "Y": 56
        },
        {
          "X": 189,
          "Y": 65
        },
        {
          "X": 188,
          "Y": 74
        },
        {
          "X": 189,
          "Y": 83
        },
        {
          "X": 194,
          "Y": 92
        },
        {
          "X": 200,
          "Y": 98
        },
        {
          "X": 209,
          "Y": 103
        }
      ],
      "KeyCodes": [84],
      "Text": "→",
      "TextPosition": {
        "X": 219,
        "Y": 74
      },
      "ChangeOnCaps": true,
      "ShiftText": "→"
    },
    {
      "__type": "KeyboardKey",
      "Id": 11,
      "Boundaries": [
        {
          "X": 40,
          "Y": 10
        },
        {
          "X": 96,
          "Y": 10
        },
        {
          "X": 96,
          "Y": 36
        },
        {
          "X": 40,
          "Y": 36
        }
      ],
      "KeyCodes": [27],
      "Text": "back",
      "TextPosition": {
        "X": 68,
        "Y": 23
      },
      "ChangeOnCaps": true,
      "ShiftText": "back"
    },
    {
      "__type": "KeyboardKey",
      "Id": 12,
      "Boundaries": [
        {
          "X": 99,
          "Y": 10
        },
        {
          "X": 155,
          "Y": 10
        },
        {
          "X": 155,
          "Y": 36
        },
        {
          "X": 99,
          "Y": 36
        }
      ],
      "KeyCodes": [90],
      "Text": "opt",
      "TextPosition": {
        "X": 127,
        "Y": 23
      },
      "ChangeOnCaps": true,
      "ShiftText": "opt"
    },
    {
      "__type": "KeyboardKey",
      "Id": 13,
      "Boundaries": [
        {
          "X": 158,
          "Y": 10
        },
        {
          "X": 214,
          "Y": 10
        },
        {
          "X": 214,
          "Y": 36
        },
        {
          "X": 158,
          "Y": 36
        }
      ],
      "KeyCodes": [13],
      "Text": "ok",
      "TextPosition": {
        "X": 186,
        "Y": 23
      },
      "ChangeOnCaps": true,
      "ShiftText": "ok"
    }
  ],
  "Height": 128,
  "Version": 2,
  "Width": 256,
  "$schema": "https://raw.githubusercontent.com/justDeeevin/NuhxBoard/refs/heads/main/schemas/layout.json"
}
